Workbook
Name Slicer_City: #N/A
Name Slicer_Product: #N/A

Sheet Sales+Customer
A1: SaleID | B1: CustomerID | C1: Product | D1: Amount | E1: SaleDate | F1: CustomerName | G1: City | H1: Age
A2: S001 | B2: C001 | C2: Shoes | D2: 1200 | E2: 45139 | F2: =VLOOKUP($B2,Customer!$A$2:$D$12,2,0) -> Alice | G2: =VLOOKUP($B2,Customer!$A$2:$D$12,3,0) -> Mumbai | H2: =VLOOKUP($B2,Customer!$A$2:$D$12,4,0) -> 28
A3: S002 | B3: C002 | C3: T-Shirt | D3: 700 | E3: 45140 | F3: =VLOOKUP($B3,Customer!$A$2:$D$12,2,0) -> Bob | G3: =VLOOKUP($B3,Customer!$A$2:$D$12,3,0) -> Delhi | H3: =VLOOKUP($B3,Customer!$A$2:$D$12,4,0) -> 35
A4: S003 | B4: C005 | C4: Bag | D4: 950 | E4: 45143 | F4: =VLOOKUP($B4,Customer!$A$2:$D$12,2,0) -> Emma | G4: =VLOOKUP($B4,Customer!$A$2:$D$12,3,0) -> Kolkata | H4: =VLOOKUP($B4,Customer!$A$2:$D$12,4,0) -> 26
A5: S004 | B5: C003 | C5: Cap | D5: 400 | E5: 45170 | F5: =VLOOKUP($B5,Customer!$A$2:$D$12,2,0) -> Carol | G5: =VLOOKUP($B5,Customer!$A$2:$D$12,3,0) -> Chennai | H5: =VLOOKUP($B5,Customer!$A$2:$D$12,4,0) -> 42
A6: S005 | B6: C004 | C6: Jeans | D6: 1700 | E6: 45181 | F6: =VLOOKUP($B6,Customer!$A$2:$D$12,2,0) -> David | G6: =VLOOKUP($B6,Customer!$A$2:$D$12,3,0) -> Bangalore | H6: =VLOOKUP($B6,Customer!$A$2:$D$12,4,0) -> 30
A7: S006 | B7: C006 | C7: Watch | D7: 1800 | E7: 45184 | F7: =VLOOKUP($B7,Customer!$A$2:$D$12,2,0) -> Frank | G7: =VLOOKUP($B7,Customer!$A$2:$D$12,3,0) -> Mumbai | H7: =VLOOKUP($B7,Customer!$A$2:$D$12,4,0) -> 45
A8: S007 | B8: C001 | C8: T-Shirt | D8: 650 | E8: 45202 | F8: =VLOOKUP($B8,Customer!$A$2:$D$12,2,0) -> Alice | G8: =VLOOKUP($B8,Customer!$A$2:$D$12,3,0) -> Mumbai | H8: =VLOOKUP($B8,Customer!$A$2:$D$12,4,0) -> 28
A9: S008 | B9: C002 | C9: Jeans | D9: 1450 | E9: 45203 | F9: =VLOOKUP($B9,Customer!$A$2:$D$12,2,0) -> Bob | G9: =VLOOKUP($B9,Customer!$A$2:$D$12,3,0) -> Delhi | H9: =VLOOKUP($B9,Customer!$A$2:$D$12,4,0) -> 35

Sheet Customer
A1: CustomerID | B1: CustomerName | C1: City | D1: Age
A2: C001 | B2: Alice | C2: Mumbai | D2: 28
A3: C002 | B3: Bob | C3: Delhi | D3: 35
A4: C003 | B4: Carol | C4: Chennai | D4: 42
A5: C004 | B5: David | C5: Bangalore | D5: 30
A6: C005 | B6: Emma | C6: Kolkata | D6: 26
A7: C006 | B7: Frank | C7: Mumbai | D7: 45
A8: C007 | B8: Grace | C8: Delhi | D8: 31
A9: C008 | B9: Henry | C9: Chennai | D9: 40
A10: C009 | B10: Irene | C10: Bangalore | D10: 34
A11: C010 | B11: John | C11: Kolkata | D11: 29
A12: C025 | B12: Zara | C12: Mumbai | D12: 33

Sheet Excel PS 1 & 3
A1: City | B1: Total_Sales
A2: Mumbai | B2: 3650
A3: Delhi | B3: 2150
A4: Chennai | B4: 400
A5: Bangalore | B5: 1700
A6: Kolkata | B6: 950
A10: Import SQL query results into Excel (Result of 1st SQL Question).
A11: Use conditional formatting to highlight top 3 performing cities from the 1st question's result set “Total Sales per City”.

Sheet Excel PS 2
A2: Total Sales per Product
A3: Row Labels | B3: Sum of Amount
A4: Bag | B4: 950
A5: Cap | B5: 400
A6: Jeans | B6: 3150
A7: Shoes | B7: 1200
A8: T-Shirt | B8: 1350
A9: Watch | B9: 1800
A10: Grand Total | B10: 8850
A14: PS : Create a pivot table to show total sales per product.
I35: Top 5 Products are Jeans, watch, T-shirt, Shoes and Bag.
A38: PS: Add a slicer in Excel to filter the dashboard by City or Product. (Additional to 2nd Excel Question)
A39: PS: Visualize the top 5 products in a bar chart. (Additional to 2nd Excel Question)

Sheet Dashboard
E6: Average Sales per Customer
A7: Total Revenue | B7: =SUM('Sales+Customer'!D2:D9) -> 8850 | E7: CustomerID | F7: Average of Amount
A8: No.of Unique Customers | B8: =COUNTA(E8:E13) -> 6 | E8: C001 | F8: 925 | T8: Problem Statements:
E9: C002 | F9: 1075 | T9: Build a dashboard showing:
E10: C003 | F10: 400 | T10: Total Revenue
E11: C004 | F11: 1700 | T11: Number of Unique Customers
E12: C005 | F12: 950 | T12: Average Sale per Customer
E13: C006 | F13: 1800 | T13: Monthly Sales (Line Chart)
E14: Grand Total | F14: 1106.25
A18: Average Sales Per Month
A19: Months | B19: Average of Amount
A20: Aug | B20: 950
A21: Sep | B21: 1300
A22: Oct | B22: 1050
A23: Grand Total | B23: 1106.25
